ECONOMY_NAME,promedio_anio_2025,promedio_IN_2025,promedio_OUT_2025,ISO3,GII_Score_2025,GII_Rank_2025,promedio_anio_2024,promedio_IN_2024,promedio_OUT_2024,GII_Score_2024,GII_Rank_2024,promedio_anio_2023,promedio_IN_2023,promedio_OUT_2023,GII_Score_2023,GII_Rank_2023,promedio_anio_2022,promedio_IN_2022,promedio_OUT_2022,GII_Score_2022,GII_Rank_2022,promedio_anio_2021,promedio_IN_2021,promedio_OUT_2021,GII_Rank_2021,GII_Score_2021,POP_2025,PPPGDP_2025,PPPPC_2025,POP_2024,PPPGDP_2024,PPPPC_2024,POP_2023,PPPGDP_2023,PPPPC_2023,POP_2022,PPPGDP_2022,PPPPC_2022,POP_2021,PPPPC_2021
Albania,2023.2222,2023.1,2023.4348,ALB,29.6070839463345,67,2022.0149,2021.7954,2022.4348,24.537929796008,84,2021.0441,2020.8636,2021.375,25.4267581655751,83,2020.058,2019.9773,2020.2,24.44116123631784,84,2018.7747,2018.8695,2018.6,84,28.0253607989027,2791.76,58.196,21376.59,2811.65,55.928,19566.01,2842.32,51.189,17858.42,2873,44.5,15487,2877.8,13651.34
Algeria,2022.1014,2021.826,2022.6522,DZA,18.9014649202574,115,2021.1305,2020.8043,2021.7826,16.1622593758194,115,2020.2463,2019.8667,2020.9584,16.115483912824,119,2019.2084,2018.9788,2019.64,16.69632072135528,115,2018.4932,2018.3405,2018.7693,120,19.8665133989871,46814.31,826.136,17718.29,46164.22,628.99,13681.62,44903.23,600.668,13323.93,44617,532.6,11829,43851.04,11040.56
Angola,2022.6,2022.425,2022.95,AGO,13.0260903597125,138,2021.6066,2021.3903,2022.05,10.2162093483849,133,2020.7833,2020.6097,2021.1578,10.3197925778018,132,2019.1803,2018.9762,2019.6316,13.92050655481026,127,2018.1111,2017.8409,2018.7368,132,14.9646661761396,37885.85,374.937,9801,36749.91,260.323,7077.3,35588.99,245.442,7455.47,33934,218,6820,32866.27,6978.43
Argentina,2023.1333,2022.9608,2023.5,ARG,26.7779545767115,77,2022.1333,2021.9608,2022.5,26.4246461433415,76,2021.0389,2020.8077,2021.52,28.0012236360153,73,2019.9221,2019.75,2020.28,28.6231408015739,69,2018.8334,2018.6792,2019.16,73,29.7791676196146,45696.16,1353.804,28704.1,45538.4,1239.52,26506.09,45510.32,1207.23,26073.8,45606,1049.4,22892,45195.78,20369.64
Armenia,2023.1528,2023.02,2023.4546,ARM,30.448190677743,59,2022.0416,2021.86,2022.4546,29.0187716666494,63,2021.1014,2020.9131,2021.4783,28.0438621519452,72,2020.0714,2019.9565,2020.2916,26.59152932070746,80,2018.8767,2018.75,2019.12,69,31.4130532267586,2973.84,69.297,23376.23,2943.38,58.497,19744.71,2780.47,49.767,16798,2968,43.5,14701,2963.23,13735.48
Australia,2023.1528,2022.9584,2023.5416,AUS,48.0058166127025,22,2022.1831,2022,2022.5416,48.0960889992609,23,2021.0822,2020.8298,2021.5385,49.7118600859763,24,2020.1082,2019.9788,2020.3334,47.13752511126394,25,2018.671,2018.4082,2019.1482,25,48.2676989233492,26713.21,1897.885,69475.41,26451.12,1719.26,64673.83,26177.41,1615.29,62191.59,25788,1427.3,55492,25499.88,50844.73
Austria,2023.2987,2023.2115,2023.48,AUT,50.0967566107785,19,2022.2338,2022.1154,2022.48,50.27656791308,17,2021.1898,2021.0377,2021.5,53.247123385156,18,2020.15,2020.0566,2020.3334,50.18995877892215,17,2018.9747,2018.9423,2019.037,18,50.8524514003489,9120.82,667.153,73050.85000000001,9130.43,626.458,69069,8939.620000000001,599.47,66680.12,9043,531.4,59406,9006.4,55406.1
Azerbaijan,2023,2022.8334,2023.3478,AZE,22.8694672330638,94,2022.014,2021.8334,2022.3914,21.2957909391222,95,2020.9395,2020.7046,2021.4091,23.3091005235952,89,2020.0145,2019.9111,2020.2084,21.45224209446485,93,2018.7361,2018.6595,2018.88,80,28.3548559737835,10336.58,253.121,24698.09,10318.22,192.146,18694.36,10358.07,178.679,17448.2,10223,155.9,15299,10139.18,14499.03
Bahrain,2022.9254,2022.7273,2023.3043,BHR,30.01576627996,62,2021.2754,2020.7609,2022.3043,27.6425638971034,72,2020.174,2019.6383,2021.3182,29.1295461064115,67,2019.2609,2018.8937,2020.0454,27.95431926980761,72,2018.3835,2018.2245,2018.7084,78,28.816140469486,1607.05,105.646,65344.83,1569.69,95.973,60715.02,1472.23,87.905,57921.47,1748,79,53128,1701.58,49057.48
Bangladesh,2022.6515,2022.7111,2022.5238,BGD,20.951047653279,106,2021.7539,2021.7954,2021.6666,19.10711782083,106,2020.6666,2020.5682,2020.8636,20.1815416513409,105,2019.7015,2019.7046,2019.6957,19.67444609877099,102,2018.6812,2018.7778,2018.5,116,20.2163948175817,173562.36,1692.743,9840.469999999999,171467.02,1476.87,8673.26,171186.37,1345.65,7985.1,166303,953.4,5733,164689.38,5138.58
Barbados,2022.6852,2022.5,2023.0555,BRB,25.1250313227345,84,2021.9445,2021.8334,2022.1666,26.054190824654,77,,,,,,,,,,,,,,,,282.47,6.408,22034.88,245.63,5.436,18738.27,,,,,,,,
Belarus,2022.7715,2022.6171,2023.0869,BLR,25.0990285299842,85,2021.8143,2021.6041,2022.2727,24.206621637608,85,2020.9305,2020.6735,2021.4783,26.8439077464011,80,2019.9595,2019.8,2020.2916,27.52567883486283,77,2018.7838,2018.7142,2018.92,62,32.5894072546676,9056.700000000001,293.136,32098.48,9115.67,221.186,24016.6,9534.950000000001,201.967,21709.28,9443,200.7,21467,9449.32,19758.65
Belgium,2022.921,2022.6538,2023.5,BEL,48.463340688029,21,2022.1082,2021.92,2022.5,47.7332447283681,24,2020.9231,2020.6415,2021.52,49.9437944741835,23,2020.0909,2019.9608,2020.3462,46.87696240942991,26,2019,2018.9231,2019.1538,22,49.170638193807,11738.77,863.837,73221.64,11712.9,769.682,65813.45,11655.93,723.09,62065.14,11632,645.4,55919,11589.62,50114.21
Benin,2022.9166,2022.7179,2023.2858,BEN,17.81319621734,118,2021.8813,2021.5385,2022.55,15.4416934450452,119,2020.9667,2020.6154,2021.619,16.0123808795275,120,2019.9153,2019.75,2020.2632,14.63767755907141,124,2018.629,2018.5,2018.9,128,17.9507249700625,14462.73,63.541,4500.58,14111.03,59.241,4305.31,13352.86,53.699,4182.9,12451,46.5,3720,12123.2,3443.3
Bolivia (Plurinational State of),2022.9491,2022.9736,2022.9048,BOL,19.6355159199636,111,2021.8983,2021.7632,2022.1428,20.2463408727639,100,2020.7759,2020.9445,2020.5,21.4468273976972,97,,,,,,2018.375,2018.4359,2018.28,104,23.4185181415923,12413.31,139.158,11322.89,12244.17,125.428,10340.34,12224.11,118.802,9933.290000000001,,,,11673.03,8342.24
Bosnia and Herzegovina,2023.0139,2022.8368,2023.3914,BIH,23.4297070492247,92,2021.9718,2021.75,2022.4348,25.4678505303375,80,2021,2020.7446,2021.5,27.1487222293485,77,2019.9861,2019.8298,2020.28,28.51723310440471,70,2019.0822,2019.0625,2019.12,75,29.6022910263198,3164.26,74.27800000000001,21498.09,3185.08,68.012,19633.56,3233.53,62.165,17899.1,3263,53.2,16302,3280.82,14894.61
Botswana,2022.877,2022.5952,2023.3914,BWA,24.631467935984,87,2022.0909,2021.9767,2022.3043,23.0828006086502,87,2020.411,2019.8979,2021.4584,24.6062056676058,85,2019.4854,2019.1957,2020.0909,23.87656948111182,86,2018.3636,2018.1136,2018.8636,106,22.9329595257034,2521.14,53.642,19723.37,2480.26,51.886,19394.05,2630.3,47.046,19198.58,2397,41.1,17163,2351.63,16152.66
Brazil,2023.1733,2023.02,2023.48,BRA,32.8689996973019,52,2022,2021.7646,2022.48,32.7401426134232,50,2020.9871,2020.7255,2021.5,33.6453000667027,49,2019.9359,2019.7451,2020.2963,32.53678168413144,54,2018.8846,2018.7451,2019.1482,57,34.2121053172555,211998.57,4702.004,22122.71,211140.73,4101.02,20078.87,215313.5,3782.76,17683.84,213993,3437.6,16169,212559.41,14562.83
Brunei Darussalam,2022.661,2022.317,2023.4445,BRN,24.4634487311813,88,2021.6833,2021.3096,2022.5555,22.7695131522168,88,2020.7705,2020.4048,2021.579,23.4641389333566,87,2019.5902,2019.5581,2019.6666,22.15098540380216,92,2018.5846,2018.7446,2018.1666,82,28.1575442877917,462.72,41.016,91046.39999999999,458.93,32,72609.57000000001,449,31.904,74195.97,442,30.3,65675,437.48,61815.99
Bulgaria,2023.1316,2022.9807,2023.4584,BGR,39.0927629267023,37,2022.1184,2021.9615,2022.4584,38.4892066497048,38,2021.0385,2020.8302,2021.48,38.9839325157737,38,2019.9872,2019.8679,2020.24,39.52963896672011,35,2018.8607,2018.7593,2019.08,35,42.3564101433246,6757.69,248.906,39185.32,6795.8,216.499,33780.38,6781.95,198.349,29177.96,6897,177.7,25847,6948.45,23741.05
Burkina Faso,2022.7937,2022.5714,2023.238,BFA,15.8776583516753,126,2021.9354,2021.7073,2022.381,12.7555015644874,129,2020.8889,2020.5952,2021.4762,14.5090095377466,124,2019.877,2019.75,2020.1428,15.2941139706693,120,2018.8462,2018.7142,2019.0869,115,20.5017877754184,23548.78,68.58,2850.07,23025.78,62.788,2682.63,22673.76,58.812,2655.6,21497,52.6,2444,20903.28,2202.82
Burundi,2022.1207,2021.6666,2023.0526,BDI,15.7636989976951,127,2021.1187,2020.7,2022,13.2053427019115,127,2020.0313,2019.6279,2020.8572,12.4543160850854,130,2019.0646,2018.8409,2019.6111,12.33429182583839,130,,,,,,14047.79,13.174,985.65,13689.47,11.551,890.18,12889.58,10.898,865.04,12255,9.5,779,,
Cabo Verde,2022.4423,2022.1714,2023,CPV,22.5901685725116,95,2021.3773,2021.0278,2022.1177,22.2855970654165,90,2020.5555,2020.2778,2021.1111,23.2998516358127,91,,,,,,2018.5344,2018.6,2018.3889,89,25.6724774033919,524.88,5.83,11397.07,522.3200000000001,5.717,9909.370000000001,593.15,4.823,8459.809999999999,,,,555.99,6980.12
Cambodia,2022.4395,2021.9788,2023.579,KHM,21.9632876672319,100,2021.5758,2021.2128,2022.4736,19.886365390103,103,2020.597,2020.2979,2021.3,20.8116922965779,101,2019.5758,2019.2609,2020.3,20.49133013268948,97,2018.5942,2018.4468,2018.9091,109,22.7701186987784,17638.8,139.801,8136.53,17423.91,98.319,6086.74,16767.84,89.289,5582.96,16946,78.09999999999999,4930,16718.97,4441.02
Cameroon,2022.8413,2022.6428,2023.238,CMR,18.1843870946301,116,2021.4688,2021.0698,2022.2858,14.4239353784668,123,2020.5077,2020.1163,2021.2727,15.2794007850819,123,2019.4445,2019.1666,2020,15.10843639792447,121,2018.4923,2018.1818,2019.1428,123,19.6651086991676,29123.75,163.156,5565.67,28372.67,133.335,4660.75,27914.54,123.341,4418.99,27224,105.1,3860,26545.86,3709.8
Canada,2023.2739,2023.2041,2023.4166,CAN,51.0643545243557,17,2022.1918,2022.0204,2022.5416,52.9052690149423,14,2021.1333,2020.9399,2021.52,53.7852547789101,15,2019.7792,2019.5491,2020.2307,50.76148430101948,15,2018.7533,2018.5491,2019.1538,16,53.1367976669032,39742.43,2582.228,62765.57,39296.57,2378.97,59813.41,38454.33,2240.39,57827.45,38068,2027.4,53089,37742.16,47568.77
Chile,2023.052,2022.9615,2023.24,CHL,33.0660923295208,51,2022.079,2021.9608,2022.3199,32.6249418382194,51,2021.0385,2020.8654,2021.3846,33.2784751216276,52,2019.9747,2019.8846,2020.1482,33.99895190257117,50,2018.8148,2018.7037,2019.037,53,35.1368332411665,19764.77,674.388,33574.4,19658.83,597.52,29934.53,19603.73,575.516,28887.5,19212,522.8,26513,19116.21,23454.95
China,2023.0422,2022.9375,2023.2609,CHN,56.5551447506996,10,2022.0428,2021.9362,2022.2609,56.3227300224464,11,2021.0959,2020.9375,2021.4,55.3141241777718,12,2020,2019.8979,2020.1923,55.26319925900796,11,2018.9041,2018.7959,2019.125,12,54.795049921655,1419321.28,37072.086,26309.99,1422584.93,32897.93,23308.77,1425887.34,30074.38,21290.89,1444216,27072,19090,1439323.77,17205.65
Colombia,2023.0132,2022.7843,2023.48,COL,28.4802835988839,71,2022.0779,2021.8846,2022.48,29.1821414523479,61,2021.0759,2020.8679,2021.5,29.4487576308898,66,2020.125,2020.0377,2020.2963,29.21928678551654,63,2019.025,2018.9623,2019.1482,67,31.7172977822376,52886.36,1129.638,21436.9,52321.17,1016.12,19482.31,51874.02,964.7430000000001,18693.14,51266,812.8,15922,50882.88,14136.84
Congo,2022.7322,2022.6666,2022.85,COG,13.6151883227489,137,,,,,,,,,,,,,,,,,,,,,6332.96,40.403,6403.61,,,,,,,,,,,
Costa Rica,2022.9867,2022.8462,2023.3043,CRI,28.3589014854175,72,2022.0411,2021.9,2022.3478,28.33390095629,70,2020.9315,2020.6735,2021.4584,27.8537881050315,74,2020.0135,2019.8979,2020.24,28.66854213535027,68,2018.7922,2018.6666,2019.0385,56,34.4806858857867,5129.91,158.645,29779.19,5105.52,141.527,26809.25,5180.83,129.95,24836.58,5139,111.9,21592,5094.11,19309.33
Croatia,2023.2267,2023.1372,2023.4166,HRV,37.6794484448472,40,2022.1733,2022.0392,2022.4584,36.3368538066526,43,2021.1039,2020.9231,2021.48,37.0705830690999,44,2020.1282,2020.0577,2020.2693,35.60324384172268,42,2019,2018.9412,2019.1154,42,37.2684767283675,3875.33,187.192,48811.09,3896.04,164.672,42873.04,4030.36,150.433,37549.8,4082,124.8,31112,4105.27,27681.32
Cyprus,2023.2134,2023.0962,2023.4783,CYP,45.4989362579263,25,2022.16,2022.0385,2022.4348,45.0687146520921,27,2021.1169,2020.9434,2021.5,46.2916266293781,28,2020.0513,2019.9434,2020.28,46.17397738000402,27,2018.9872,2018.9246,2019.12,28,46.7265286362168,1358.28,55.14,59857.88,1344.95,49.655,53931.29,1251.49,44.762,49504.44,1216,38.6,42832,1207.36,39078.53
Czech Republic,2023.2466,2023.1224,2023.5,CZE,42.0357587785266,32,2022.1781,2022.0408,2022.4584,44.0423616421437,30,2021.0394,2020.8235,2021.48,44.8337477568963,31,2020.026,2019.8823,2020.3077,42.83838891248131,30,2018.9747,2018.8846,2019.1482,24,49.0171710352009,10735.86,619.881,56686.22,10809.73,539.318,49025.44,10493.99,514.732,48918.58,10725,469.1,43714,10708.98,40293.28
Côte d'Ivoire,2023.0151,2022.907,2023.2174,CIV,19.7318917311744,110,2022,2021.7675,2022.4546,17.4919526502178,112,2021,2020.7441,2021.4783,18.1858508580071,112,2019.9851,2019.8636,2020.2174,17.83371342446161,109,2018.9395,2018.7727,2019.2727,114,21.0002494968976,31934.23,244.611,7648.16,31165.69,202.647,6960.09,28160.54,181.533,6397,27054,158.3,5724,26378.28,5360.11
Denmark,2023.2297,2023.1224,2023.4399,DNK,56.914915504656,9,2022.2028,2022.0613,2022.48,57.1140190617839,10,2021.1184,2020.92,2021.5,58.7334053271081,9,2020.0389,2019.96,2020.1852,55.93203082515612,10,2018.9872,2018.902,2019.1482,9,57.3382685173759,5977.41,496.696,83454.42,5948.13,441.754,74957.66,5882.26,411.039,69845.09,5813,370.3,63405,5792.2,57781.37
Dominican Republic,2023.1692,2022.9773,2023.5714,DOM,22.5684623142576,97,2022.1094,2021.9302,2022.4762,20.8215483843826,97,2020.9219,2020.5952,2021.5454,22.3974827535771,94,2019.8889,2019.6666,2020.3334,22.70221404153894,90,2018.9077,2018.7906,2019.1364,93,25.1140260836504,11427.55,312.565,28949.59,11331.29,273.703,25523.02,11228.82,256.446,24119.55,10954,220.7,20944,10847.9,18782.72
Ecuador,2023.2538,2023.1777,2023.4091,ECU,19.5397643865799,113,2021.662,2021.3062,2022.4546,19.3268161742894,105,2020.5695,2020.1428,2021.4783,20.5447196996853,104,2019.6438,2019.36,2020.2609,20.29264635596968,98,2018.5676,2018.3062,2019.08,91,25.3804395507861,18135.48,296.728,16515.54,17980.09,242.579,13285.24,18001,229.815,12763.08,17888,204.7,11529,17643.06,10617.16
Egypt,2022.8816,2022.6923,2023.2916,EGY,24.7122281668271,86,2021.921,2021.6923,2022.4166,23.6549537723895,86,2020.7821,2020.4906,2021.4,24.2140804860647,86,2019.8206,2019.6981,2020.08,22.70350682317211,89,2018.921,2018.8462,2019.0834,94,25.0886251958934,116538.26,2231.822,20799.05,114535.77,1809.43,17123.03,110990.1,1661.96,15958.55,104258,1381.1,13422,102334.4,12718.99
El Salvador,2022.9403,2022.7234,2023.45,SLV,22.2405152629759,98,2021.7313,2021.4255,2022.45,20.6123235387354,98,2020.6177,2020.2979,2021.3334,21.7983679837373,95,2019.8,2019.5778,2020.3,19.88444530402532,100,2018.9286,2018.8368,2019.1428,96,25.014930635491,6338.19,84.22,13172.75,6309.63,74.505,11717.11,6336.39,69.285,10576.06,6518,62.3,9551,6486.2,8401.059999999999
Estonia,2023.2894,2023.2115,2023.4584,EST,51.091978139021,16,2022.2764,2022.1923,2022.4584,52.3079348959785,16,2020.9744,2020.7358,2021.48,53.3765597712525,16,2020.0127,2019.8679,2020.3077,50.18536036076867,18,2018.9359,2018.8462,2019.1154,21,49.9154008733034,1360.55,65.53700000000001,48008.04,1367.13,60.997,45235.53,1326.06,61.389,46125.98,1325,55.7,41892,1326.54,37032.82
Ethiopia,2022.3226,2021.7858,2023.45,ETH,14.4210533028796,134,2021.3934,2020.8536,2022.5,12.3254045996613,130,2020.0461,2019.5909,2021,14.3268132156974,125,2018.9254,2018.5778,2019.6364,16.30843805986354,117,2018.1267,2017.9166,2018.5652,126,18.6285541363461,132059.76,434.441,4045.13,128691.68,393.297,3719.22,123379.92,347.847,3433.96,117876,298.6,3024,114963.58,2771.98
Finland,2023.2078,2023.0769,2023.48,FIN,57.7063647384345,7,2022.2078,2022.0769,2022.48,59.436930521486,7,2021.0897,2020.9231,2021.4231,61.1951902326951,6,2020.1393,2020.0385,2020.3334,56.87609973957856,9,2019.0385,2018.9803,2019.1482,7,58.3615674410681,5617.31,361.312,64657.34,5601.19,335.76,59869.12,5540.75,324.829,58659,5548,293.6,53084,5540.72,49333.93
France,2023.1299,2022.9615,2023.48,FRA,53.4156786988289,13,2022.1688,2022.0193,2022.48,55.4133232928537,12,2021.1266,2020.9434,2021.5,56.018613327274,11,2020.125,2020.0189,2020.3334,54.95652605063425,12,2019,2018.9231,2019.1482,11,54.964702053711,66548.53,4359.372,65940.41,66438.83,3868.62,58765.13,64626.63,3688.32,56199.9,65426,3322.3,50876,65273.51,45454.19
Georgia,2022.9445,2022.7755,2023.3043,GEO,31.2147916262919,56,2022.0139,2021.8572,2022.3478,30.3858225544874,57,2020.9305,2020.6875,2021.4166,29.9371366054839,65,2020.0704,2019.9783,2020.24,27.88496073065988,74,2018.9867,2018.9183,2019.1154,63,32.4105462189306,3807.67,102.245,27363.37,3807.47,82.20999999999999,22357.41,3744.39,73.57899999999999,19788.5,3980,61.6,16590,3989.18,15142.4
Germany,2023.2467,2023.1538,2023.4399,DEU,55.4553512524913,11,2022.2208,2022.0962,2022.48,58.0828366917044,9,2021.1646,2021,2021.5,58.7553654678079,8,2020.1393,2020.0385,2020.3334,57.22797997385619,8,2019.0127,2018.9423,2019.1482,10,57.3229082642475,84552.24000000001,6017.222,70930.36,84548.24000000001,5537.99,66037.75999999999,83369.84,5316.93,63834.86,83900,4843.4,58150,83783.95,53571.19
Ghana,2023,2022.9318,2023.1428,GHA,21.8535373304419,101,2022,2021.8889,2022.238,20.0347365544997,101,2020.4203,2020.2826,2020.6957,21.3483372426253,99,2019.3334,2019.4348,2019.1305,20.78194000112028,95,2017.9143,2017.78,2018.25,112,22.3253193725415,34427.42,269.105,7975.13,33787.93,227.189,6905.04,33475.87,217.525,6780.28,31732,193.6,6190,31072.95,5706.51
Greece,2023.1578,2023.0385,2023.4166,GRC,37.3467991812641,42,2022.1974,2022.0769,2022.4584,36.1527552685101,45,2021.1538,2020.9811,2021.52,37.5332223549976,42,2020.1266,2020.0189,2020.3462,34.54275259158004,44,2019.0385,2018.9807,2019.1538,47,36.3201823902777,10047.82,436.757,42065.72,10242.9,416.969,39864.06,10384.97,387.801,36465.54,10371,339.7,31821,10423.06,29045.1
Guatemala,2023.0145,2022.8368,2023.45,GTM,17.0682675135829,123,2021.8235,2021.5714,2022.4736,14.5602051202637,122,2020.8971,2020.6459,2021.5,15.8244003533516,122,2019.9131,2019.7084,2020.381,17.79934145998092,110,2018.6714,2018.5957,2018.826,101,24.1336934902728,18406.36,264.033,14791.41,18124.85,201.365,10595.28,17843.91,185.849,9931.43,18250,163.1,8895,17915.57,8266.74
Guinea,2022.3392,2022.2222,2022.55,GIN,14.9131339740748,133,,,,,,2020.5358,2020.2778,2021,13.3344048557916,128,2018.9259,2018.7222,2019.3334,11.57500442665697,132,2017.9323,2017.8462,2018.1,130,16.6868113659129,14754.78,66.624,4321.38,,,,13859.34,43.922,2993.08,13497,40.3,2818,13132.79,2515.63
Honduras,2022.8226,2022.5238,2023.45,HND,17.6553573629036,119,2021.8226,2021.5238,2022.45,16.7427094604863,114,2020.6515,2020.3334,2021.3334,16.6675562381859,116,2019.5538,2019.3695,2020,17.27188885640354,113,2018.8088,2018.6595,2019.1428,108,22.7937488702377,10825.7,81.06,7604.66,10644.84,75.03,7162.66,10432.86,69.684,6769.15,10063,58.3,5767,9904.610000000001,5537.87
"Hong Kong, China",2022.676,2022.4286,2023.2273,HKG,51.4639547637293,15,2021.9117,2021.6875,2022.45,50.1415390716495,18,2020.7971,2020.5106,2021.4091,53.286141918922,17,2019.9851,2019.8667,2020.2273,51.76112382600861,14,2018.9028,2018.7916,2019.125,14,53.6753710362083,7414.91,569.828,75406.84,7442.71,548.999,72860.75999999999,7488.87,518.7430000000001,69987.03999999999,7553,488.7,65403,7496.99,58165.2
Hungary,2023.2858,2023.1923,2023.48,HUN,39.9943737874299,36,2022.2338,2022.1154,2022.48,39.5715653305609,36,2021.1393,2020.9623,2021.5,41.3387599239088,35,2020.1125,2020,2020.3334,39.83004718653123,34,2018.9875,2018.9056,2019.1482,34,42.6846278511662,9676.139999999999,448.456,46807.17,9686.459999999999,421.683,43601.43,9967.309999999999,409.834,42132.31,9634,359.9,36849,9660.35,32433.84
Iceland,2023.2253,2023.1021,2023.5,ISL,47.0172011061986,24,2022.2,2022.0834,2022.4546,48.543765479737,22,2021.1644,2020.98,2021.5652,50.6871135688954,20,2020,2019.9,2020.2174,49.4522546351368,20,2018.973,2018.902,2019.1305,17,51.759853220742,393.4,30.241,78808.03999999999,386.98,27.078,69833.11,372.9,24.888,66466.99000000001,343,21.9,59268,341.25,54482.29
India,2023.1184,2022.9423,2023.5,IND,38.1998133830439,38,2022.1052,2021.9231,2022.5,38.3088312266692,39,2021.1948,2021.0577,2021.48,38.1101305743537,40,2019.9744,2019.8462,2020.2307,36.56821136366321,40,2018.8206,2018.6923,2019.0769,46,36.3863685191455,1450935.79,16019.97,11111.71,1439163.44,13119.62,9183.370000000001,1417173.17,11665.49,8293.200000000001,1393409,10181.2,7314,1380004.39,6283.57
Indonesia,2022.7565,2022.434,2023.4399,IDN,31.305020749127,55,2021.8462,2021.5471,2022.48,30.619177515779,54,2020.725,2020.3704,2021.4615,30.2953940677684,61,2019.7531,2019.5927,2020.0741,27.85069232661749,75,2018.8025,2018.7037,2019,87,27.0529874775612,283487.93,4658.321,16542.11,281190.1,4393.37,15835.82,275501.34,4023.5,14638.41,276362,3530.3,12967,273523.62,12345.13
Iran,2022.5205,2022.22,2023.174,IRN,28.5209732318439,70,2021.6957,2021.3695,2022.3478,28.881009628277,64,2020.7,2020.4348,2021.2084,30.0688157997971,62,2019.662,2019.6305,2019.72,32.8866048328799,53,2018.7397,2018.5957,2019,60,32.8913031873989,91567.74000000001,1698.463,19606.81,90608.71000000001,1725.87,19941.53,88550.57000000001,1599.25,18663.23,85029,1189.2,13993,83992.95,11963.33
Iraq,,,,IRQ,,,,,,,,,,,,,2019.2778,2018.9722,2019.8889,11.90993541211882,131,,,,,,,,,,,,,,,41179,428.9,10415,,
Ireland,2023.1082,2022.902,2023.5652,IRL,50.3512250208889,18,2021.9078,2021.7693,2022.2084,49.9608312224456,19,2020.9351,2020.7693,2021.28,50.4154096683924,22,2019.9615,2019.9038,2020.0769,48.54384583240071,23,2018.948,2018.9412,2018.9615,19,50.6574238969418,5255.02,691.904,127750.16,5196.64,722.929,137638.2,5023.11,666.309,131034.14,4983,561.5,111360,4937.8,89382.78999999999
Israel,2023.1757,2023.04,2023.4584,ISR,52.2499679129743,14,2022.1644,2022.0204,2022.4584,52.7268736866671,15,2020.9736,2020.7255,2021.48,54.3116329634855,14,2019.7533,2019.5491,2020.1538,50.22810225299258,16,2018.7662,2018.5883,2019.1154,15,53.4216491034637,9387.02,541.343,54446.21,9256.32,537.14,54771.43,9038.309999999999,496.841,52173.08,8790,421.8,44966,8655.540000000001,39125.81
Italy,2023.2987,2023.2115,2023.48,ITA,44.9447399864804,28,2022.0779,2021.8846,2022.48,45.3255605228568,26,2021.0632,2020.849,2021.5,46.6079914474976,26,2020.025,2019.9056,2020.2593,46.06468856430629,28,2018.9747,2018.8846,2019.1482,29,45.7001581495462,59342.87,3597.954,60992.86,59499.43,3193.18,54258.99,59037.47,3022.16,51061.79,60367,2697.1,45267,60461.83,40065.5
Jamaica,2022.8182,2022.6591,2023.1364,JAM,25.2313732404532,83,2021.9365,2021.8049,2022.1818,25.671688029187,79,2020.8387,2020.5641,2021.3043,27.0569666235292,78,2019.9048,2019.7561,2020.1818,27.73484076907622,76,2018.871,2018.6904,2019.25,74,29.6396408748843,2839.18,33.775,12283.26,2839.78,35.69,12994.58,2827.38,32.818,11962.38,2973,29.6,10815,2961.16,10221.32
Japan,2023.2106,2023.0785,2023.48,JPN,53.5565691353389,12,2022.1842,2022.0588,2022.4399,54.1235042857514,13,2021.1688,2021.0197,2021.4615,54.6225205116417,13,2020.052,2020,2020.1482,53.57380993012833,13,2019.0526,2019.0408,2019.0741,13,54.4684905237199,123753.04,6572.198,53059.36,124370.95,6495.21,52119.56,123951.69,6109.96,48812.76,126051,5633.5,44935,126476.46,41636.63
Jordan,2023.0685,2022.8776,2023.4584,JOR,29.6936103734472,65,2022.1111,2021.9166,2022.5,27.4524305911354,73,2021.0135,2020.7551,2021.52,28.2456523113381,71,2019.921,2019.84,2020.0769,27.35595431228269,78,2018.9467,2018.86,2019.12,81,28.3179074142656,11552.88,124.284,10916.51,11439.23,132.092,12809.17,11285.87,123.351,11974.86,10269,111.7,10821,10203.14,10006.95
Kazakhstan,2023,2022.8199,2023.375,KAZ,26.341209901218,81,2021.7368,2021.5,2022.25,25.6729509025617,78,2020.7693,2020.566,2021.2,26.6808229924027,81,2019.9103,2019.8302,2020.08,24.70950429936283,83,2018.962,2018.9434,2019,79,28.6004925379085,20592.57,830.605,41366.31,20432.42,654.05,32712.12,19398,596.6660000000001,30827.31,18995,536.3,28043,18776.71,26589.16
Kenya,2022.9706,2022.7675,2023.3199,KEN,21.3791141049195,102,2021.9552,2021.7209,2022.375,20.9867958921518,96,2020.9697,2020.6586,2021.48,21.2437139160974,100,2019.9854,2019.881,2020.1538,22.74757455315729,88,2018.2236,2017.7,2019.2307,85,27.4552147256705,56432.94,375.356,7157.32,55339.01,338.964,6576.85,54027.49,311.753,6121.95,54986,269.3,5407,53771.3,4993.31
Kuwait,2022.597,2022.3409,2023.0869,KWT,28.214301980858,73,2021.5151,2021.1364,2022.2727,28.0921442831335,71,2020.4923,2020.1591,2021.1904,29.938295143065,64,2019.6418,2019.3556,2020.2273,29.2435548857085,62,2018.697,2018.4884,2019.0869,72,29.8978067707931,4934.51,249.255,49736.26,4838.79,256.593,51764.83,4268.87,248.113,51527.92,4329,211.3,44609,4270.56,41734.72
Kyrgyzstan,2023,2022.8049,2023.3478,KGZ,22.5707539115952,96,2022.0781,2021.8837,2022.4762,20.3544488186132,99,2021.0151,2020.7727,2021.5,20.1633348361353,106,2019.9559,2019.8636,2020.125,21.07586415891979,94,2018.863,2018.8085,2018.9615,98,24.4526684041918,7186.01,55.01,7772.56,7073.5,44.623,6438.07,6630.62,39.214,5771.06,6628,34.5,5187,6524.19,4824.28
Lao People's Democratic Republic,2022.625,2022.5278,2022.8,LAO,20.1188233799915,109,2021.5254,2021.359,2021.85,17.8426597384543,111,2020.5,2020.4103,2020.6666,18.3125844475065,110,2019.4916,2019.5385,2019.4,17.44539993446908,112,2018.5082,2018.439,2018.65,117,20.1837884762561,7769.82,74.76000000000001,9727.290000000001,7664.99,74.205,9787.049999999999,7529.48,68.57299999999999,9166.25,7379,62.3,8444,7275.56,8220.889999999999
Latvia,2023.2877,2023.2157,2023.4546,LVA,37.5271138784222,41,2022.2192,2022.1177,2022.4546,36.3534671628185,42,2021.1316,2020.9807,2021.4584,39.7308566328053,37,2020.0909,2020,2020.28,36.53448769740145,41,2019,2018.9423,2019.12,38,39.9841302420783,1871.87,81.798,43526.93,1882.41,76.55,40891.8,1850.65,72.033,38123.99,1867,65.09999999999999,34169,1886.2,30578.82
Lebanon,2022.2,2022.0682,2022.4762,LBN,23.6120255291244,90,2021.2188,2021.0233,2021.619,21.537104780639,94,2019.9839,2019.6904,2020.6,23.1838863125127,92,,,,,,2018.5151,2018.4222,2018.7142,92,25.1192411413933,5805.96,,,5773.49,,,5489.74,,,,,,6825.44,11562.15
Lesotho,2022.0566,2021.5946,2023.125,LSO,14.933774247496,132,,,,,,,,,,,,,,,,,,,,,2337.42,7.055,3260.42,,,,,,,,,,,
Lithuania,2023.1351,2023.0197,2023.3914,LTU,40.7890541798699,33,2022.1487,2022.0197,2022.4348,40.0573028213352,35,2021.1448,2020.9807,2021.5,41.9537384869814,34,2019.9351,2019.8846,2020.04,37.34848111842238,39,2018.9871,2018.9423,2019.08,39,39.8804941125389,2859.11,154.615,53623.64,2854.11,137.328,49244.69,2750.06,130.67,46158.6,2690,117.6,42091,2722.29,38604.76
Luxembourg,2023.2084,2023.0392,2023.619,LUX,47.2652289615258,23,2022.2084,2022.0392,2022.619,49.0905657395531,20,2021.1621,2020.9615,2021.6364,50.5981451999908,21,2020.12,2020.0385,2020.3043,49.80547204869148,19,2019,2018.9246,2019.1666,23,49.0410370586455,673.04,101.876,151145.79,665.09,94.152,143303.6,647.6,91.107,141587.11,635,80.8,126569,625.98,112875.12
Madagascar,2022.3539,2022,2023.15,MDG,17.5610841191441,120,2021.5397,2021.1628,2022.35,17.9348650425419,110,2020.4921,2020.0233,2021.5,19.0644547947299,107,2019.4375,2019.1364,2020.1,18.61718093855531,106,2018.6666,2018.4186,2019.2,110,22.5070660369798,31964.96,60.877,1989.82,31195.96,56.754,1906.65,29611.71,51.849,1790.29,28427,46.1,1630,27691.02,1647.15
Malawi,2022.5818,2022.4572,2022.8,MWI,15.9877297954921,125,,,,,,,,,,,,,,,,2017.746,2017.7675,2017.7,107,22.9013324900337,21655.29,40.074,1713.77,,,,,,,,,,19129.96,995.27
Malaysia,2022.7333,2022.4,2023.4,MYS,40.5814895487474,34,2021.8312,2021.5385,2022.4399,40.4817524886958,33,2020.8607,2020.5471,2021.5,40.8696720534563,36,2019.875,2019.6604,2020.2963,38.72414217264583,36,2018.7902,2018.6296,2019.1111,36,41.8652117606715,35557.67,1372.61,41021.96,35126.31,1225.93,37082.84,33938.22,1096.51,33112.71,32776,969,29048,32366,27287.38
Mali,2022.15,2021.8718,2022.6666,MLI,13.9671344713691,135,2021.4426,2021.0975,2022.15,11.7946250697673,131,2020.625,2020.3409,2021.25,12.922597978692,129,2019.6061,2019.3478,2020.2,14.23537363736114,126,2018.418,2018.2667,2018.7273,124,19.5274472246506,24478.59,68.526,2843.34,23769.15,61.625,2639.38,22593.59,56.051,2608.76,20856,51.1,2522,20250.83,2421
Malta,2023.2603,2023.12,2023.5652,MLT,45.3472846775166,27,2022.0411,2021.92,2022.3043,44.831422744694,29,2020.9867,2020.804,2021.375,49.0842712295066,25,2019.9474,2019.8235,2020.2,49.15295303644716,21,2019.0128,2018.9246,2019.2,27,47.1181914716675,539.61,40.316,72941.91,532.96,33.303,63481.05,533.29,29.367,56337.69,443,24.6,47152,441.54,43086.54
Mauritania,2022.3392,2021.8611,2023.2,MRT,15.3660724749966,131,2021.5172,2021.0526,2022.4,13.2135588211419,126,2020.7627,2020.4103,2021.45,13.5223962113842,127,2019.661,2019.5122,2020,12.38905322282625,129,,,,,,5169.4,37.285,8233.32,5022.44,33.414,7542.41,4736.14,30.013,6924.85,4775,26.7,6293,,
Mauritius,2022.9727,2022.74,2023.4783,MUS,32.5030604688201,53,2022.0685,2021.8823,2022.5,30.5635124570305,55,2021.0845,2020.8979,2021.5,32.0767212713529,57,2020.0422,2019.9387,2020.2727,34.44367814213997,45,2018.8918,2018.8431,2019,52,35.1594786584737,1271.17,40.429,32062.71,1273.6,37.012,29349.35,1299.47,32.013,25372.21,1273,28.3,22311,1271.77,20718.62
Mexico,2023.1282,2023,2023.4,MEX,30.5127163343233,58,2022.2565,2022.151,2022.48,30.4471621133937,56,2021.1013,2020.8868,2021.5385,31.0422874176006,58,2020.1,2020,2020.2963,31.00154906529453,58,2018.9136,2018.7963,2019.1482,55,34.5476970857152,130861.01,3303.067,24971.32,129739.77,3277.6,24975.95,127504.13,2919.88,22440.14,130262,2685.2,20820,128932.75,18804.46
Moldova,2022.9275,2022.6809,2023.4546,MDA,27.3675046724863,74,2021.986,2021.7755,2022.4546,28.6809421146213,68,2020.9727,2020.74,2021.4783,30.3339335874867,60,2020.0411,2019.92,2020.3043,31.10999561923568,56,2018.9351,2018.8823,2019.0385,64,32.3248500075052,3034.96,45.407,18524.02,3067.1,42.217,16915.71,3273,41.882,16482.63,4024,36.9,14258,4033.96,13252.89
Mongolia,2023.0857,2022.9584,2023.3636,MNG,26.6945540254358,78,2021.8657,2021.7778,2022.0454,28.6928910573288,67,2020.9265,2020.8223,2021.1305,28.8385908448103,68,2019.8695,2019.7778,2020.0416,27.99898244698665,71,2018.6945,2018.5209,2019.0416,58,34.1537412377024,3475.54,67.691,19063.37,3431.95,52.989,15088,3398.37,47.115,13611.35,3329,43.2,12671,3278.29,12259.06
Montenegro,2022.5625,2022.3489,2023,MNE,29.7527840479169,64,2021.7188,2021.5116,2022.1428,28.8745667888944,65,2020.8209,2020.5333,2021.4091,27.7960631428019,75,2019.6865,2019.5435,2020,30.3402133812706,60,2018.7572,2018.7755,2018.7142,50,35.4085934903913,638.48,20.181,31858.01,633.5700000000001,17.431,28002.05,627.08,16.195,26032.37,628,13.3,21387,628.0599999999999,19930.51
Morocco,2023.1285,2022.9565,2023.4584,MAR,31.0479471722523,57,2022.125,2021.9791,2022.4166,28.7945256992699,66,2021.0695,2020.8511,2021.48,28.4011202764837,70,2019.76,2019.6327,2020,28.79990229032427,67,2018.2693,2017.9615,2018.8846,77,29.259014329048,38081.17,396.685,10615.06,37712.53,385.337,10408.31,37457.97,359.671,9808.32,37345,302.8,8338,36910.56,7608.74
Mozambique,2021.8,2021.0222,2023.55,MOZ,15.3905916728114,128,2020.7693,2020,2022.5,13.1091846783182,128,2019.9572,2019.2653,2021.5714,13.5932621565844,126,2019.1594,2018.6735,2020.35,15.02472670934719,123,2018.3623,2018.1666,2018.8096,122,19.7075497625984,34631.77,60.29,1729.56,33635.14,53.71,1584.49,32969.52,48.04,1457.11,32163,43,1338,31255.44,1279.13
Myanmar,2021.85,2021.3572,2023,MMR,17.304606261885,122,2021.0646,2020.5111,2022.5294,13.7667674207557,125,,,,,,2019.1692,2019.1305,2019.2632,16.35089307313176,116,2018.5441,2018.75,2018.05,127,18.3640646898532,54500.09,283.747,5205.77,54133.8,277.767,5124.37,,,,54806,237,4426,54409.79,5178.95
Namibia,2022.877,2022.6744,2023.2727,NAM,23.4756882231946,91,2021.2878,2020.7046,2022.4546,19.9601714520038,102,2020.0146,2019.5778,2020.8695,21.7747091576768,96,2019.1666,2018.7727,2019.9546,20.55610421014097,96,2018.2222,2017.8334,2019,100,24.2532250057062,3030.13,35.071,11730.16,2963.12,30.663,11603.03,2567.01,28.021,10790.65,2587,25,9616,2540.92,9537.309999999999
Nepal,2022.4833,2022.65,2022.15,NPL,20.2061774097691,107,2021.5536,2021.579,2021.5,18.064218222467,109,2020.6207,2020.5128,2020.8422,18.8413839754611,108,2019.3667,2019.439,2019.2106,17.6449290236019,111,2018.129,2018.2094,2017.9474,111,22.477953174567,29651.06,169.122,5348.12,29694.6,150.8,4934.16,30547.58,141.161,4676.57,29675,123.2,4215,29136.81,3585.51
Netherlands,2023.1052,2022.9231,2023.5,NLD,57.035492429262,8,2022.1316,2021.9615,2022.5,58.8330364571622,8,2021.1154,2020.9246,2021.52,60.3887999985917,7,2020.038,2019.9246,2020.2693,58.03506535862454,5,2018.9744,2018.8846,2019.1538,6,58.6254946398226,18228.74,1460.53,81494.63,18092.53,1297.02,73316.85000000001,17564.01,1226.66,69714.52,17173,1079.2,61816,17134.87,57101.36
New Zealand,2023.0959,2022.8979,2023.5,NZL,45.4891781536966,26,2022.1781,2022,2022.5416,45.8631364758429,25,2020.9865,2020.7142,2021.52,46.5711087908038,27,2020,2019.8368,2020.3077,47.16528527850804,24,2018.8052,2018.6274,2019.1538,26,47.4867926159416,5213.94,283.908,52983.05,5172.86,279.183,53809.19,5185.29,261.039,50851.08,4861,235,45880,4822.23,41072.35
Nicaragua,2022.8948,2022.725,2023.2941,NIC,15.3731300154628,130,2021.3334,2021.1842,2021.6316,13.9876946868468,124,2020.3448,2020.2703,2020.4762,16.8527934638685,115,2019.509,2019.5555,2019.421,18.09240062798373,108,,,,,,6916.14,60.374,8949.809999999999,6823.63,51.022,7642.31,6948.39,47.273,7154.43,6702,40.1,6133,,
Niger,2022.5358,2022.2162,2023.1578,NER,11.9449625669987,139,2021.4822,2021.0264,2022.4445,11.2337340680205,132,2020.2833,2019.875,2021.1,12.4436337856237,131,2019.4098,2019.2439,2019.75,14.62642429583135,125,2018.5454,2018.5682,2018.5,129,17.7609033181084,27032.41,55.547,1978.17,26159.86,42.739,1579.05,26207.98,37.648,1443.35,25131,34,1355,24206.64,1252.63
Nigeria,2022.875,2022.738,2023.1364,NGA,21.0815209410651,105,2021.9517,2021.7805,2022.2858,17.1060235613659,113,2021.0328,2020.7949,2021.4546,18.4373022009093,109,2019.9517,2019.675,2020.4546,16.88135131212294,114,2018.4688,2018.238,2018.9091,118,20.0856518323971,232679.48,1489.832,6542.59,227882.92,1365.9,6147.68,218541.21,1275.3,5883.81,211401,1136.8,5377,206139.59,5065.54
North Macedonia,2023.0422,2022.8959,2023.3478,MKD,29.7906642736771,63,2022.1594,2022.0217,2022.4348,29.8885808487157,58,2020.9565,2020.7333,2021.375,33.0192959392273,54,2019.9,2019.7391,2020.2084,28.83922904798438,66,2018.9028,2018.9375,2018.8334,59,34.068612221315,1823.01,49.295,26911.82,1831.79,44.055,21391.25,2093.6,40.927,19783.01,2083,37.4,18069,2083.38,16609.32
Norway,2023.2368,2023.1154,2023.5,NOR,49.2378087475471,20,2022,2021.7646,2022.5,49.0601332168885,21,2021,2020.75,2021.52,50.6933677075595,19,2020.0128,2019.8462,2020.3462,48.83949302498198,22,2018.9487,2018.8462,2019.1538,20,50.4431710749995,5576.66,576.236,103446.04,5519.14,452.964,82236.12,5434.32,425.612,78127.61,5466,378.4,69859,5421.24,64856.46
Oman,2022.8873,2022.6938,2023.3182,OMN,28.649098205399,69,2021.9436,2021.76,2022.381,27.1306377134998,74,2020.8309,2020.5714,2021.4091,28.4377725653205,69,2019.8611,2019.7959,2020,26.78773277352435,79,2018.8873,2018.7872,2019.0834,76,29.408439759693,5281.54,222.058,41651.67,5049.28,200.295,39336.14,4576.3,190.475,41150,5223,147.8,32327,5106.62,29908.06
Pakistan,2022.7971,2022.5869,2023.2174,PAK,22.0640834582869,99,2021.6029,2021.3695,2022.0909,22.0061013457062,91,2020.6957,2020.4565,2021.174,23.3170669636408,88,2019.5695,2019.3541,2020,22.99510034085733,87,2018.7971,2018.6383,2019.1364,99,24.3863311779887,251269.16,1584.474,6715.3,247504.49,1568.43,6773.55,235824.86,1512.48,6662.11,225200,1157.5,5447,220892.33,5160.19
Panama,2022.6849,2022.64,2022.7826,PAN,25.8798675140179,82,2021.8472,2021.7755,2022,24.7427453625239,82,2020.9189,2020.6801,2021.4166,25.3376959799612,84,2019.473,2019.24,2019.9584,25.68908403363711,81,2018.25,2018.0588,2018.64,83,28.0309129840389,4515.58,186.209,41292.26,4458.76,190.306,42738.2,4408.58,159.863,36370.38,4382,134,30889,4314.77,30034.14
Paraguay,2022.9546,2022.7556,2023.381,PRY,21.3578141880261,103,2022.0333,2021.8049,2022.5264,21.8522995915263,93,2020.7542,2020.625,2021,21.4147415110371,98,2019.7377,2019.4147,2020.4,22.65212049189952,91,2018.1642,2018.2444,2018,88,26.4072535513841,6929.15,127.416,16642.23,6844.15,117.349,15533.1,6780.74,108.29,14528.42,7220,100.9,13724,7132.53,12502.68
Peru,2023.0676,2022.8368,2023.52,PER,26.4660453517052,80,2021.9863,2021.7347,2022.5,26.6990180179644,75,2020.9727,2020.6875,2021.52,27.6948867085975,76,2019.9467,2019.7916,2020.2222,29.06503232335822,65,2019.0133,2018.9375,2019.1482,70,31.2319148460783,34217.85,605.5700000000001,17775.18,33845.63,548.465,15893.53,34049.59,521.841,15273.23,33359,453.7,13410,32971.85,11516.13
Philippines,2022.5394,2022.0785,2023.48,PHL,33.5939127875318,50,2021.8108,2021.4694,2022.48,31.1319791929317,53,2020.5513,2020.0769,2021.5,32.1559128209706,56,2019.7402,2019.48,2020.2222,30.68290576033612,59,2018.5897,2018.3922,2018.963,51,35.2750713203729,115843.67,1367.043,12079.57,114891.21,1278.62,11326.01,115559.01,1154.88,10343.63,111047,983.1,8900,109581.09,8573.700000000001
Poland,2023.2821,2023.1887,2023.48,POL,37.7080354431444,39,2022.2307,2022.1132,2022.48,37.0044192560621,40,2021.1375,2020.963,2021.5,37.7480280840749,41,2020.1234,2020.0186,2020.3334,37.5457165067527,38,2018.9625,2018.8704,2019.1538,40,39.8514375328066,38539.2,1890.698,51628.83,38762.83,1712.63,45538.13,39857.15,1599.02,42465.86,37797,1412.3,37323,37846.61,33738.71
Portugal,2023.052,2022.8462,2023.48,PRT,43.8576909479602,31,2022.0909,2021.9038,2022.48,43.6557191326842,31,2021.038,2020.8113,2021.5,44.8756993655102,30,2020.075,2019.9434,2020.3334,42.10938048992144,32,2019.025,2018.9623,2019.1482,31,44.2441679028718,10425.29,508.508,49236.5,10430.75,465.131,45226.98,10270.87,432.063,42066.5,10168,376.1,36543,10196.71,33131.18
Qatar,2022.7324,2022.5209,2023.174,QAT,34.5617675520126,48,2022.0139,2021.7959,2022.4783,32.8862629249853,49,2020.863,2020.6801,2021.2609,33.3720831984592,50,2019.8243,2019.7,2020.0834,32.92170806839823,52,2018.7433,2018.62,2019,68,31.4924542376361,3048.43,355.999,115074.54,2979.09,328.134,114210.4,2695.12,303.596,113674.65,2931,273.9,100037,2881.06,91897.10000000001
Romania,2023.2693,2023.1698,2023.48,ROU,34.2643558022539,49,2022.2307,2022.1132,2022.48,33.3987268747427,48,2021.125,2020.9445,2021.5,34.6623689583375,47,2020.0864,2019.9814,2020.2963,34.10926443570521,49,2018.9753,2018.8889,2019.1482,48,35.6205631353344,19015.09,894.222,47203.73,19118.48,780.797,41029.18,19659.27,731.466,38096.84,19128,653.9,33833,19237.68,30141
Russia,2022.6974,2022.4231,2023.2916,RUS,30.2640735373132,60,2021.8534,2021.6078,2022.375,29.7295093781137,59,2020.9487,2020.6981,2021.48,33.3064881024367,51,2020.1266,2020.0385,2020.2963,34.26616648953338,47,2019.0253,2018.9615,2019.1482,45,36.5884298170582,144820.42,6909.381,47298.71,145790.27,5056.48,35309.62,144713.31,4649.67,31967.03,145912,4447.5,30431,145934.46,27393.84
Rwanda,2022.9722,2022.78,2023.4091,RWA,21.1035599471288,104,2021.9718,2021.74,2022.5238,19.6889830183592,104,2020.8472,2020.54,2021.5454,20.5891618561067,103,2019.7887,2019.6,2020.238,18.73129422472696,105,2018.8406,2018.6875,2019.1904,102,23.8783318262385,14256.56,51.918,3746.81,13954.47,42.346,3137,13776.7,37.586,2835.82,13277,31.2,2410,12952.21,2392.56
Saudi Arabia,2023.1096,2022.9183,2023.5,SAU,36.0448190047954,46,2022.2113,2022.1041,2022.4348,33.9342283166781,47,2021.2878,2021.1163,2021.6086,34.5132403306794,48,2020.1471,2020.0682,2020.2916,33.35759405172391,51,2018.8971,2018.7273,2019.2084,66,31.8428413497133,33962.76,2112.88,63117.95,32263.24,2246.54,68452.85000000001,36408.82,2018.26,55802.34,35341,1734.2,48908,34813.87,46272.87
Senegal,2022.4412,2022.1957,2022.9546,SEN,23.8365360757092,89,2021.4058,2021,2022.2727,21.9741597208381,92,2020.5071,2020.0625,2021.4348,22.5425108278035,93,2019.662,2019.4043,2020.1666,19.90532410852326,99,2018.3199,2018.14,2018.6801,105,23.2649204731639,18501.98,94.351,5056.15,18077.59,78.547,4324.88,17316.45,72.703,4113.05,17196,63.6,3699,16743.93,3462.82
Serbia,2023.3014,2023.2245,2023.4584,SRB,31.7434550377633,54,2022.2113,2022.0851,2022.4584,32.2543584374392,52,2021.137,2020.9584,2021.48,33.1112534588203,53,2019.973,2019.8125,2020.2693,32.27555235737427,55,2018.9231,2018.8269,2019.1154,54,35.0418231663887,6736.22,191.561,29038.9,6773.19,173.075,26074.16,7221.37,164.835,24084.41,8698,146.6,21243,8737.370000000001,18840.3
Seychelles,2022.5964,2022.2683,2023.4375,SYC,27.1626135583414,75,,,,,,,,,,,,,,,,,,,,,130.42,4.136,41077.69,,,,,,,,,,,
Singapore,2023.1506,2022.9796,2023.5,SGP,59.9434212495639,5,2022.0822,2021.8776,2022.5,61.1810237612485,4,2021.1082,2020.8979,2021.52,61.4673484686689,5,2019.9342,2019.74,2020.3077,57.25184153526138,7,2018.8206,2018.6538,2019.1538,8,57.7747812027938,5832.39,879.978,148185.78,5789.1,753.273,133107.6,5975.69,700.98,131425.71,5897,615.3,107677,5850.34,95603.31
Slovakia,2023.2838,2023.2157,2023.4348,SVK,35.5078995905856,47,2022.08,2021.9231,2022.4348,34.3113538864468,46,2021.0513,2020.849,2021.48,36.2076540341616,45,2020.0632,2019.9434,2020.3077,34.30054917783605,46,2018.9231,2018.8269,2019.1154,37,40.1863192340617,5506.76,247.54,45632.21,5518.04,229.584,42228.01,5643.45,211.118,38620.16,5461,194.1,35547,5459.64,32184.3
Slovenia,2023.2667,2023.1923,2023.4348,SVN,40.1045760929647,35,2022.24,2022.1346,2022.4783,40.1677545285405,34,2021.0129,2020.9623,2021.125,42.2442689871908,33,2020.0128,2019.9811,2020.08,40.55823293476173,33,2018.8334,2018.9231,2018.6538,32,44.1365278319659,2118.7,117.993,55683.97,2118.42,108.683,51406.56,2119.84,105.45,49967.8,2079,90.90000000000001,43206,2078.93,38506.47
South Africa,2023.2236,2023.1154,2023.4584,ZAF,30.1382792250188,61,2022.1578,2021.9807,2022.5416,28.3372153734356,69,2021.0128,2020.849,2021.36,30.4143512568591,59,2020.0256,2019.8679,2020.36,29.82044114325341,61,2018.9221,2018.8269,2019.12,61,32.6956722901188,64007.19,993.745,15723.25,63212.41,997.444,16211.16,59893.89,949.846,15555.9,60042,861.9,14239,59308.69,11911.45
South Korea,2023.2208,2023.0962,2023.48,KOR,59.9976353178735,4,2022.3158,2022.2354,2022.48,60.9303288609914,6,2021.1666,2021.0193,2021.4615,58.5950036383156,10,2020.0513,2020,2020.1538,57.78413011054039,6,2018.9873,2018.9615,2019.037,5,59.2730980577386,51717.59,3258.366,62960.47,51748.75,2924.19,56708.95,51815.81,2765.83,53574.17,51305,2503.4,48309,51269.18,44292.19
Spain,2023.2858,2023.1923,2023.48,ESP,44.6070366016514,29,2022.2078,2022.0769,2022.48,44.9339244706781,28,2021.1646,2021,2021.5,45.9258591296864,29,2020.15,2020.0566,2020.3334,44.62289523839414,29,2019,2018.9231,2019.1482,30,45.3900652264464,47910.53,2665.23,55089.21,47911.59,2413.07,50471.69,47558.63,2215.99,46551.16,46745,1984,42074,46754.78,38143.19
Sri Lanka,2022.7,2022.4286,2023.3334,LKA,22.9052774592463,93,2021.6418,2021.3617,2022.3,22.6004533959574,89,2020.7537,2020.4166,2021.5238,23.3030925848217,90,2019.5775,2019.3265,2020.1364,24.23423060375524,85,2018.5946,2018.5294,2018.7391,95,25.0764811101352,23103.57,,,22971.62,,,21832.14,318.69,14230.06,21497,311.2,14123,21413.25,13113.61
Sweden,2023.3066,2023.2157,2023.5,SWE,62.5781910502956,2,2022.2667,2022.1569,2022.5,64.52436541192191,2,2021.1428,2020.9615,2021.52,64.2230052015604,2,2020.1154,2020,2020.3462,61.55761251792931,3,2018.9231,2018.8077,2019.1538,2,63.104889292381,10607,763.5890000000001,71730.78999999999,10551.48,715.995,66209.34,10549.35,684.458,63877.42,10160,609.5,57425,10099.27,52476.53
Switzerland,2023.0526,2022.8654,2023.4584,CHE,65.9619514450125,1,2022.1333,2021.9608,2022.5,67.47308168602341,1,2020.8701,2020.6346,2021.36,67.5888136106804,1,2019.859,2019.8077,2019.9615,64.6214149596122,1,2018.7949,2018.6923,2019,1,65.48442722176109,8921.98,851.136,95836.64,8870.559999999999,788.335,89537.32000000001,8740.469999999999,737.838,84468.91,8715,677.3,78112,8654.620000000001,68339.7
Tajikistan,2022.4263,2022.2565,2022.7273,TJK,20.174923125853,108,2021.5,2021.3684,2021.7273,18.6020945976823,107,2020.5469,2020.4147,2020.7826,18.2998640130383,111,2019.418,2019.2325,2019.75,18.7675585456016,104,2018.2727,2018.1163,2018.5652,103,23.8651486062837,10590.93,56.367,5532.77,10389.81,53.679,5360.89,9952.790000000001,47.241,4802.83,9750,37.9,3923,9537.639999999999,3559.52
Tanzania,2022.8549,2022.9767,2022.579,TZA,17.4521317801997,121,2021.8226,2021.814,2021.8422,15.3264215864416,120,2020.4154,2020.1555,2021,17.3992075932458,113,2019.3485,2019.1111,2019.8572,19.42706610226238,103,2018.2687,2018,2018.9,90,25.5957047318114,68560.16,269.672,4134.12,66617.61,227.725,3595.1,65497.75,207.55,3374.25,61498,182.9,3062,59734.21,2850.63
Thailand,2023.0526,2022.8628,2023.4399,THA,36.6722982832117,45,2021.9066,2021.7255,2022.2916,36.8870725902806,41,2020.4684,2020.0377,2021.3462,37.1035936772006,43,2019.45,2019.1321,2020.0741,34.85962155019598,43,2018.475,2018.1852,2019.0769,43,37.1802468061945,71668.00999999999,1771.532,25211.77,71702.42999999999,1578.45,22490.57,71697.03,1479.64,21114.18,69951,1331,19028,69799.98,18072.85
Togo,2022.8036,2022.6,2023.1428,TGO,18.0708251688273,117,2021.8474,2021.5,2022.4762,15.6192097566314,117,2020.75,2020.2894,2021.5454,16.9390789021705,114,2019.3115,2018.875,2020.1428,15.05542737846373,122,2018.3334,2018.119,2018.762,125,19.32803894851,9515.23,30.563,3289.86,9304.34,25.103,2767.56,8848.700000000001,22.781,2618.52,8478,20,2353,8278.74,1639.57
Trinidad and Tobago,2022.7667,2022.4359,2023.381,TTO,19.2509717907395,114,2021.8689,2021.5853,2022.45,18.4132639467783,108,2020.8387,2020.5,2021.55,20.7239387011483,102,2019.4166,2019.2683,2019.7368,19.78963490096495,101,2018.381,2018.1628,2018.85,97,24.7553209443696,1507.78,49.967,34987.23,1502.95,43.658,30718.75,1531.04,42.136,29797.28,1403,35.9,25526,1399.49,25964.39
Tunisia,2022.3199,2021.9608,2023.0834,TUN,26.9867919028168,76,2021.3684,2020.9615,2022.25,25.353750006398,81,2020.3376,2019.9434,2021.2084,26.9165805329607,79,2019.3199,2019.0385,2019.9565,27.88754228819927,73,2018.4342,2018.2407,2018.9091,71,30.6818886721134,12277.11,176.873,14338.49,12200.43,162.097,13248.95,12356.12,151.495,12490.2,11936,128.8,10720,11818.62,10381.68
Turkey,2023.2078,2023.0577,2023.52,TUR,37.2017171076035,43,2022.1818,2022.0193,2022.52,39.0040456384696,37,2021.1519,2020.9623,2021.5385,38.6056288173597,39,2020.125,2020.0189,2020.3334,38.13935059338692,37,2019.0253,2018.9615,2019.1482,41,38.3430565815416,87473.81,3456.771,40283.31,87270.5,3613.54,41887.53,85341.24000000001,3320.99,38759.39,85043,2873.8,33963,84339.07000000001,28293.6
Uganda,2022.7097,2022.317,2023.4762,UGA,17.0672701323701,124,2021.2699,2020.6904,2022.4286,14.9445218165676,121,2020.197,2019.6591,2021.2727,15.9882589951247,121,2019.2424,2018.7556,2020.2858,15.66329031304508,119,2018.2969,2017.9535,2019,119,20.007263454717,50015.09,170.611,3641.79,48656.61,145.157,3222.4,47249.59,132.01,3018.46,47124,115.9,2729,45741,2585.22
Ukraine,2022.8534,2022.5962,2023.4348,UKR,29.6910120248977,66,2021.88,2021.6538,2022.3914,29.4980452221873,60,2020.6666,2020.4038,2021.2609,32.82140187124,55,2019.7922,2019.6346,2020.12,31.01917974275387,57,2018.75,2018.6296,2019,49,35.5823958831452,37860.22,655.583,19603.12,37732.88,474.773,14303.98,39701.74,,,43467,584.1,14146,43733.76,12710.37
United Arab Emirates,2023.0394,2022.8235,2023.48,ARE,44.1544888281242,30,2021.8948,2021.6078,2022.48,42.8040062426875,32,2021.1299,2020.9608,2021.4615,43.2200164120417,32,2020.0389,2019.902,2020.3077,42.13084622644993,31,2018.9606,2018.86,2019.1538,33,43.0289017995526,11027.13,849.778,77251.44,10667.12,895.1660000000001,88961.77,9441.129999999999,814.7329999999999,77272.3,9991,699.4,74245,9890.4,58466.01
United Kingdom,2023.1052,2022.9231,2023.5,GBR,59.1153757105143,6,2022.08,2021.8823,2022.5,61.0493179555689,5,2020.948,2020.6731,2021.52,62.4444639626751,4,2019.8975,2019.7307,2020.2307,59.72799247439278,4,2019.0129,2018.9412,2019.1538,4,59.8025841246962,69138.19,4282.173,62573.61,68682.99000000001,3871.79,56835.72,67508.94,3776.04,55862.09,68207,3276.1,48693,67886,44287.92
United States,2023.2764,2023.1538,2023.5416,USA,61.6892112586677,3,2022.28,2022.1765,2022.5,62.3793369435429,3,2021.1948,2021.0193,2021.5601,63.5260539962626,3,2020.1299,2020.0193,2020.36,61.77697386827299,2,2018.948,2018.8269,2019.2,3,61.2972835594547,345426.57,29167.779,86601.28,343027.25,26949.64,80412.41,338289.86,25035.16,75179.59,332915,22939.6,69375,331002.65,63051.4
Uruguay,2023.0845,2023.0613,2023.1364,URY,28.837903949844,68,2021.8611,2021.92,2021.7273,29.1308891563885,62,2020.7733,2020.8269,2020.6522,30.0349417178131,63,2019.6487,2019.76,2019.4166,29.21244867533116,64,2018.5325,2018.5385,2018.52,65,32.2333614131012,3386.59,123.223,34440.2,3388.08,103.372,28983.79,3422.79,96.81,27232.79,3485,84.59999999999999,23869,3473.73,21338.18
Uzbekistan,2022.9868,2022.7693,2023.4584,UZB,26.4975536868541,79,2021.9474,2021.7115,2022.4584,24.704469057362,83,2020.9714,2020.7391,2021.4166,26.2096932916401,82,2019.9403,2019.8,2020.2273,25.30629711570547,82,2018.8677,2018.7556,2019.0869,86,27.390686926828,36361.86,428.204,11596.42,35652.3,371.646,10316.37,34627.65,334.318,9478.459999999999,33936,291.2,8452,33469.2,7378.01
Venezuela (Bolivarian Republic of),2022.5536,2022.2433,2023.1578,VEN,13.7306121669038,136,,,,,,,,,,,,,,,,,,,,,28405.54,222.356,8403.84,,,,,,,,,,,
Viet Nam,2022.5526,2022.1923,2023.3334,VNM,37.0799641407315,44,2021.8134,2021.5098,2022.4584,36.1813352047061,44,2020.3116,2020.0385,2020.88,35.9579779485015,46,2019.6709,2019.4038,2020.1852,34.24902255874186,48,2018.7341,2018.6731,2018.8518,44,37.0193852315019,100987.68,1631.796,16193.27,100352.19,1434.21,14285.09,98186.86,1299.69,13074.99,98169,1141.3,11608,97338.58,10754.53
Yemen,,,,YEM,,,,,,,,,,,,,2018.1356,2017.6316,2019.0476,13.76230372525079,128,2017.9207,2017.5366,2018.6364,131,15.3644046117256,,,,,,,,,,30491,60.8,1827,29825.97,1931.13
Zambia,2023.0526,2023.0264,2023.1052,ZMB,19.5785875330671,112,2021.8214,2021.6487,2022.1578,15.6647721593439,116,2020.8948,2020.7838,2021.1,16.4385970012329,118,2019.705,2019.475,2020.1428,15.8002209552552,118,2018.6825,2018.4762,2019.0952,121,19.8309388146615,21314.96,88.56,4190.27,20723.97,83.687,4068.44,20017.68,76.325,3808.05,18921,66.40000000000001,3410,18383.96,3302.3
Zimbabwe,2022.5,2022.3513,2022.7391,ZWE,15.3775674107897,129,2021.7581,2021.4615,2022.2609,15.5746191997639,118,2020.0308,2019.6666,2020.6957,16.5257183994291,117,2018.8125,2018.439,2019.4783,18.09555580131954,107,2018.2,2017.9773,2018.6666,113,21.8941921084529,16634.37,86.16200000000001,5070.61,16340.84,44.448,2749.78,16320.54,40.408,2554.73,15092,37.3,2408,14862.93,2583.01
